"id","name","type","description","ideal_profile","not_suited_for","sequencing_note","stages","needs","sectors","diaspora_only","outside_hub_only","international_focus","url","duration","deliverables","key_benefit"
"R001","Dot Camp","program","The Dot's flagship 1-year free hosting and incubation programme. Selected startups receive a fully equipped workspace, full-time access to meeting rooms, podcast and webinar studios, conference facilities, B2B networking with investors, and access to all Dot programmes including Executives in Residence. Annual cohort — applications open each year with selection in September. At least one founder must be based full-time in Tunisia. The programme actively connects founders with The Dot's 50+ SSO partners and 4 institutional partners throughout the year.","Pre-seed or seed stage innovative startups with a working MVP and measurable early KPIs, committed full-time to their project, with at least one founder based in Tunisia. Readiness to contribute actively to the entrepreneurial community is required.","Ideation-only founders with no MVP yet. Part-time entrepreneurs. Regional founders who cannot relocate to Tunis — Dot Camp+ is the right fit for them.","Apply after achieving at least MVP and establishing early KPIs. Legal incorporation strengthens the application. Having initial customers or traction significantly improves selection chances. Mutually exclusive with Dot Camp+.","pre-seed,seed","workspace,acceleration,mentorship,investor_readiness,networking,hosting,cohort,community","all","FALSE","FALSE","FALSE","https://thedot.tn/programs-services/1-dot-camp","12 months","Dedicated workspace, investor network access, all Dot programmes, studio access, cohort community","Free 1-year incubation with full workspace and investor network access"
"R002","Dot Camp+","program","A 4-month pre-incubation and capacity-building programme for entrepreneurs in the ideation phase located outside the major coastal hubs (Tunis, Sousse, Sfax, Médenine). Includes intensive workshops, one-on-one coaching, pitch sprints, ecosystem immersion, and accommodation support in Tunis for up to one month to facilitate participation. Designed as the entry point into the Dot ecosystem for regional founders before they are ready for Dot Camp.","Entrepreneurs based in remote or underrepresented regions of Tunisia with an innovative idea with high growth potential. No MVP required — idea stage is sufficient. Teams from outside the main coastal cities are prioritised.","Tunis-based founders or founders already at seed stage with a working product — Dot Camp is the right fit for them. Not for founders who already have a validated product and customers.","Apply at ideation stage before building the product. Dot Camp+ is the entry point that can lead to Dot Camp after the idea is validated. Mutually exclusive with Dot Camp.","ideation,pre-seed","regional_support,acceleration,mentorship,networking,community,strategy,product","all","FALSE","TRUE","FALSE","https://thedot.tn/programs-services/1-dot-camp","4 months","Intensive workshops, 1-on-1 coaching, pitch sprints, Tunis accommodation support","Dedicated path for regional (non-coastal) founders with ideation-stage ideas"
"R003","Dot Landing","program","A free 4-month intensive incubation programme exclusively for Tunisian diaspora entrepreneurs wanting to launch or develop a business in Tunisia. Co-financed by Meet Africa 2 and the Île-de-France Region. Delivered via the THE DOT by Cynoia platform (BID/DotLanding programme). Includes personalised one-to-one expert sessions in legal, finance, strategy, and technology, collaborative workspace at The Dot, a digital platform with verified local service providers, and exclusive networking to integrate into the Tunisian entrepreneurial ecosystem. Experts include certified accountants, business law specialists, and sector advisors.","Tunisian diaspora founders living or recently based abroad who have a specific business project they want to launch or establish in Tunisia. Also relevant for diaspora founders incorporated abroad seeking a local legal presence. The programme is particularly valuable for founders who need help navigating Tunisian business law, fiscal frameworks, and incorporation procedures.","Non-diaspora founders. This programme is exclusively reserved for members of the Tunisian diaspora.","Can run in parallel with Dot Expert which is particularly useful for diaspora founders navigating Tunisian incorporation and legal structure for the first time. Expert session in business law and accounting are included in the programme.","ideation,pre-seed,seed","diaspora_support,soft_landing,legal_structuring,market_access,networking,workspace,coaching,fiscal","all","TRUE","FALSE","FALSE","https://thedot.tn/programs-services/5-dot-landing","4 months","1-on-1 expert sessions (law, finance, strategy), workspace, local service provider platform, networking","Exclusive entry programme for Tunisian diaspora founders returning to launch in Tunisia"
"R004","Dot Executives in Residence","mentorship","A specialised mentorship initiative accessible to startups participating in Dot Camp. Connects founders with a curated pool of 25+ senior executives from tech, telecoms, commerce, industry, strategy consulting, private equity, and financial services. Structured as bi-monthly (twice a month) one-on-one and group sessions to challenge, advise, and help scale the business model. Mentors can advise on fundraising strategy, international expansion, team building, and investor relations.","Founders already enrolled in Dot Camp with a working product and a concrete strategic challenge: scaling the team, entering a new market, preparing for investors, or navigating a pivot. Most impactful when there is something concrete to advise on.","Founders not enrolled in Dot Camp — this programme is a sub-programme of Dot Camp and cannot be accessed independently. Ideation-only founders with no product or strategy to challenge.","Access this after being accepted into Dot Camp. Most impactful at seed or early growth stage when strategic decisions have real consequences.","seed,growth","mentorship,strategy,leadership,team_building,scaling,investor_readiness","all","FALSE","FALSE","FALSE","https://thedot.tn/programs-services/4-dot-executives-in-residence","12 months (within Dot Camp)","Bi-monthly 1-on-1 sessions with C-level executives, group strategy sessions","Direct access to 25+ senior executives for strategic mentorship and investor introductions"
"R005","Dot Expert","service","A one-to-one expert consultation service delivered via the THE DOT by Cynoia platform (Programme BID / DotLanding). Startups access certified senior experts on-demand in key domains: business law (legal structuring, shareholder agreements, IP, GDPR), financial engineering (business plan review, valuation, fundraising strategy, investor pitch preparation, financial modelling), strategy (go-to-market, competitive positioning, market entry), and technology. Each session is personalised to the specific needs of the founder. Sessions are documented and result in actionable recommendations. Used by startups preparing pitch decks for investment committees, structuring stock options, reviewing business plans, and building fundraising strategies.","Startups at any stage that need expert advice in a specific domain: legal structure, fundraising preparation, business plan review, valuation, IP protection, or financial modelling. Particularly valuable for founders preparing to approach investors, signing commercial agreements, or structuring equity for a new team member.","Founders who need broad ecosystem connections rather than specific expert advice — Dot Support or Dot Community Services are better fits. Founders looking for workspace rather than expert sessions.","Use before major milestones: before incorporating, before fundraising, before signing a commercial contract, before submitting to an investment committee. Especially powerful when combined with Dot Camp or Dot Landing.","ideation,pre-seed,seed,growth","legal_structuring,fiscal,fundraising,investor_readiness,financial_modeling,pitch,deal_structuring,incorporation,strategy,coaching","all","FALSE","FALSE","FALSE","https://thedot.tn","Per session (on-demand)","Confidential 1-on-1 expert session, written recommendations, actionable plan","On-demand certified expert (accountant, lawyer, strategist) at your side for critical decisions"
"R006","Dot Support","program","A programme designed to empower Startup Support Organisations (SSOs) and strengthen the entrepreneurial ecosystem by building meaningful connections between startups and ecosystem enablers such as incubators, accelerators, and institutional partners. The Dot has 50+ SSO partners with 4 institutional partners.","Startups seeking structured connections with SSOs, incubators, accelerators, and institutional ecosystem partners. Useful for founders who need to navigate the broader Tunisian entrepreneurial support landscape and identify the right partners for their stage.","Founders who already have strong SSO connections or who need direct product or technical support rather than ecosystem navigation.","Most useful early on when the founder needs to map the ecosystem and identify the right support structures before committing to a specific programme.","ideation,pre-seed,seed","networking,partnerships,community,market_access","all","FALSE","FALSE","FALSE","https://thedot.tn","Ongoing","Access to 50+ SSO partners, institutional partner connections","Navigate the full Tunisian startup ecosystem with The Dot as your guide"
"R007","Dot Community Services","service","A peer-to-peer sharing programme designed around co-construction: startups offer their services free of charge or at heavily discounted rates to other community members. Currently 12 community services available covering technology, recruitment, B2B tools, legal, and more. Active partners include Five Points (talent sourcing), Proservy (enterprise concierge), and Expensya (B2B efficiency).","Startups already part of The Dot community who need affordable peer services to fill gaps in tech, recruitment, legal, or operations without the budget for external agencies. Also for startups willing to offer their own service to the community.","Founders not yet engaged with The Dot community. Founders needing professional-grade external services beyond what peer startups can offer.","Access at any stage once part of The Dot community. Most useful for early-stage founders managing tight budgets who need to move fast without spending on agencies.","ideation,pre-seed,seed,growth","community,networking,tech_support,design,branding,recruitment","all","FALSE","FALSE","FALSE","https://thedot.tn/9-dot-community-services","Ongoing","12+ peer services (tech, recruitment, B2B tools, legal, design)","Access affordable or free services from fellow Dot community startups"
"R008","AI Hub","program","A dedicated incubation space for AI startups, launched in partnership with InstaDeep. Provides access to high-performance computing infrastructure to train large ML models, direct mentorship from InstaDeep engineers and AI experts, deep learning and NLP workshops linked to the NVIDIA Partner Network, and international event sponsorship including travel and booths at major tech conferences like VivaTech. Founders must have a legally established startup, a working MVP with measurable KPIs, and demonstrate data-intensive use cases requiring serious compute scaling. Particularly suited for startups building proprietary AI models, SaaS AI platforms, or AI-powered industry solutions.","AI or ML startups at pre-seed or seed stage with a working MVP and a data-intensive use case requiring compute infrastructure. Founders must demonstrate understanding of ML fundamentals and be operating full-time. Startup Act label is a strong advantage.","Non-AI startups. Idea-only founders with no MVP or technical foundation. Startups whose AI component is superficial or cosmetic rather than core to the product.","Most impactful after the technical core of the product is defined and the team has validated the use case. Can run alongside Dot Camp for startups needing both workspace and AI infrastructure.","pre-seed,seed,growth","ai,tech_support,acceleration,market_access,partnerships,investor_readiness","tech,saas,healthtech,edtech,fintech,agritech","FALSE","FALSE","FALSE","https://thedot.tn/6-digital-transformation-center","12 months","GPU compute access, InstaDeep mentorship, NVIDIA workshops, VivaTech sponsorship","High-performance computing + top-tier AI mentorship for deep tech founders"
"R009","TECH216","network","A GIZ-backed IT outsourcing and nearshoring gateway connecting Tunisian tech companies with European (primarily German) corporate clients. Provides free matchmaking with international clients, co-working space at The Dot for up to 6 months to onboard nearshoring teams, legal and regulatory advisory on cross-border frameworks and IP, and inclusion in an official curated database of IT Sourcing Ready providers. Previous clients include BMW Group. Particularly relevant for B2B SaaS companies and IT service firms with international ambitions.","Legally registered Tunisian IT or tech service companies with established capabilities in cloud computing, cybersecurity, software engineering, or mobile development. Must pass GDPR compliance and technical due diligence. Seed or growth stage with capacity to take on international client work.","Non-tech startups or companies with no established service offering. Ideation-stage founders with no product or team. Startups not interested in the outsourcing or nearshoring market.","Most relevant at seed or growth stage when the startup has a defined tech offering and actual capacity to deliver for international clients. Legal incorporation and GDPR awareness are prerequisites.","seed,growth,scale","market_access,partnerships,internationalization,tech_support,distribution,legal_structuring","tech,saas","FALSE","FALSE","TRUE","https://tech216.de","6 months (co-working) + ongoing","EU client matchmaking, co-working space, IT Sourcing Ready certification, legal advisory","Direct access to European (German) corporate clients for B2B IT services"
